image,predictions
1689120590238_jpg.rf.8b16027a2f429b42a32fc4d2728df1b2.jpg,
1689254343092_jpg.rf.073389a363bea13f9d20992c03716813.jpg,
1689388044927_jpg.rf.865dfbfcf6491f32506638a0bc60d7ac.jpg,"pomadasys_argenteus(0.30)[401,140,976,394]"
1689388326411_jpg.rf.a934e3368903e2b1b59a04f0c48aa8a5.jpg,"pomadasys_kaakan(0.97)[437,0,743,701]"
1689557098876_jpg.rf.8c7b9f0026b7ec74139aca00d62974f2.jpg,"chirocentrus_dorab(0.97)[248,19,446,1024]|chirocentrus_dorab(0.84)[511,0,601,1011]|chirocentrus_dorab(0.84)[572,0,733,1011]|chirocentrus_dorab(0.81)[409,0,539,1012]|chirocentrus_dorab(0.78)[8,0,202,1006]|chirocentrus_dorab(0.69)[0,0,120,1024]|chirocentrus_dorab(0.54)[55,0,193,1024]|chirocentrus_dorab(0.53)[0,0,68,1024]|chirocentrus_dorab(0.41)[259,5,537,1021]|chirocentrus_dorab(0.33)[202,15,298,1024]|chirocentrus_dorab(0.27)[103,25,215,1024]"
1689577829534_jpg.rf.12d018859010f283fd871a8c5e498b3f.jpg,"chirocentrus_dorab(0.78)[421,194,616,891]|chirocentrus_dorab(0.71)[212,184,429,1024]|chirocentrus_dorab(0.59)[384,428,489,846]|chirocentrus_dorab(0.48)[550,203,768,1024]|acanthocybium_solandri(0.38)[44,220,316,1024]|acanthocybium_solandri(0.30)[384,434,486,843]"
1689577974563_jpg.rf.2ffd1d2dfc8f0df690ec3f1976f98a73.jpg,"acanthocybium_solandri(0.29)[272,0,527,1014]"
1689578011527_jpg.rf.dbed31f6b688f1f4c74b3d97a6300e44.jpg,"acanthocybium_solandri(0.52)[234,58,540,1024]|acanthocybium_solandri(0.45)[132,398,354,917]|scomberomorus_commerson(0.45)[134,390,348,921]"
1689578156358_jpg.rf.4977f4923c6e6c77f26a30d185060d03.jpg,"acanthocybium_solandri(0.33)[7,364,900,768]"
1689594468820_jpg.rf.5752566247b79b534a0930f141cefee0.jpg,
1689651076768_jpg.rf.262ae21e0e9a5ccd0f8fd036f6b8b32b.jpg,"caranx_ignobilis(0.35)[78,705,253,1021]|caranx_ignobilis(0.29)[317,903,403,1023]"
1689651811316_jpg.rf.e7f847175cd42ffe4c039092966adf89.jpg,"acanthocybium_solandri(0.94)[142,104,607,1024]|acanthocybium_solandri(0.67)[0,154,267,828]|caranx_ignobilis(0.33)[480,822,768,1024]|caranx_ignobilis(0.29)[342,845,768,1024]"
1689652445419_jpg.rf.221c8d28890054a848b2c8417ff3e237.jpg,"scomberoides_tol(0.70)[280,201,559,1024]|chirocentrus_dorab(0.58)[284,200,559,1024]|chirocentrus_dorab(0.34)[0,0,120,1005]"
1689652491689_jpg.rf.b9f0d6a405c46dfa44ace070de4a2d90.jpg,
1689717471365_jpg.rf.e07b5a6e3444bb6cec5b255d9e74aafb.jpg,"pomadasys_argenteus(0.35)[0,22,982,592]"
1689733035992_jpg.rf.08dc1d1d06c8b9b5b73e3eaf3f7bda94.jpg,"chirocentrus_dorab(0.38)[36,260,912,423]"
1689739881340_jpg.rf.83fccafc456c8dd50e666b7ca88bfdc9.jpg,"chirocentrus_dorab(0.31)[6,192,932,382]"
1689739901296_jpg.rf.bc8582cbfd589b77e7d526d9fc10e015.jpg,"acanthocybium_solandri(0.43)[3,307,1015,506]|acanthocybium_solandri(0.41)[157,628,1023,768]|chirocentrus_dorab(0.26)[2,309,1020,509]"
1689740066618_jpg.rf.f2488ab4da800656bb81cf0455954946.jpg,"acanthocybium_solandri(0.40)[0,247,992,452]"
1689740260887_jpg.rf.6365acac028efbf88484bb3dd6f42341.jpg,
1689743257346_jpg.rf.2057a8fa8777d53b67b3905bbc806b96.jpg,
1690159389660_jpg.rf.389ea03cf8855ccb1177be7e92f63eee.jpg,"chirocentrus_dorab(0.49)[253,0,645,1011]"
1690159931251_jpg.rf.594ed89d6774345fbd09d7e0b90d6dbd.jpg,"scomberomorus_commerson(0.41)[327,137,500,772]|chirocentrus_dorab(0.26)[325,135,501,775]"
1690160029885_jpg.rf.9d828a8b09020267ddc0a42d33582cbb.jpg,"chirocentrus_dorab(0.71)[384,19,522,935]|scomberoides_tol(0.67)[0,320,255,486]|chirocentrus_dorab(0.37)[652,415,767,1002]"
1690336988079_jpg.rf.2432d3980508904c641a7314d69ea16f.jpg,
1690337039741_jpg.rf.22d7395baa5f6131871ccde0dbf6a680.jpg,
1690337115859_jpg.rf.a1bf50f115618e8c5e2f84c7f547fd71.jpg,
1690349481994_jpg.rf.7cfd5ab8a02e0270040c51d3af1dbcf7.jpg,"gazza_minuta(0.32)[496,186,753,289]"
1690466885625_jpg.rf.eb70bbbeb53d4e16a68b21dd503f7f17.jpg,"acanthocybium_solandri(0.51)[134,170,375,1024]"
1690544392983_jpg.rf.67cd8ea3bdb87122321af2d30087de61.jpg,"scomberoides_tol(0.74)[0,182,91,389]|aurigequula_fasciata(0.32)[274,134,383,411]"
1690598682706_jpg.rf.9c5de51d20d9609338bc75c609b34570.jpg,"pomadasys_kaakan(0.66)[376,159,604,768]|lutjanus_johnii(0.53)[535,176,777,748]"
1690599089156_jpg.rf.13b76d4c72671c4e3ceb079bd647f88d.jpg,
1690861067104_jpg.rf.2f52aec289b54474794a6e3a21fac588.jpg,"chirocentrus_dorab(0.38)[326,135,501,775]"
1690861524786_jpg.rf.fc6b94b5f3820bec1c69d28e1c9894a3.jpg,"chirocentrus_dorab(0.93)[187,46,370,1024]|chirocentrus_dorab(0.33)[217,132,410,1020]"
1690890877921_jpg.rf.1f7520bce805e15c441088843118ec5e.jpg,"lutjanus_johnii(0.37)[128,236,967,469]"
1691143949361_jpg.rf.38bbd065f80616ca097b65f385856858.jpg,"aurigequula_fasciata(0.97)[237,8,604,775]"
1691197797009_jpg.rf.75e8f1655a8c16d359524c88a73f3044.jpg,"gazza_minuta(0.26)[421,538,843,735]"
1691201300294_jpg.rf.8b496e018d8f354069d9df84f5ae0472.jpg,
1691201510682_jpg.rf.50f5e9e9bde8688b5c3dfd59be51a5d6.jpg,"etelis_carbunculus(0.40)[107,356,1024,666]"
1691201635655_jpg.rf.8184ae7fffd16540d452ec77bb73aa6e.jpg,
1691201728522_jpg.rf.61f48f56a3ca8e7a05953321b16bbf52.jpg,
1691234458029_jpg.rf.7fb9f02d2ae045e0d14fc8b8d79c094e.jpg,
1691235083249_jpg.rf.379d75bf12cea45805d71a0d4ef574fd.jpg,
1691235144639_jpg.rf.801ae44f08efda2ec54482899d22536b.jpg,"caranx_ignobilis(0.59)[157,223,460,1012]"
1691235476798_jpg.rf.27f42f80f5c42f4ee6aa820a3ac4b292.jpg,"acanthocybium_solandri(0.70)[196,243,387,913]"
1691235509689_jpg.rf.9eea5cf65446642595da4f4d081dd2ad.jpg,"caranx_ignobilis(0.71)[133,231,500,909]"
1691235988859_jpg.rf.7c96d0f62973fa464b4c0972ea3af9e8.jpg,"chirocentrus_dorab(0.88)[195,298,296,953]"
1691557514958_jpg.rf.3943db1ca71bc0c8df1a7b6479ab934d.jpg,"chirocentrus_dorab(0.50)[101,60,339,959]|rastrelliger_kanagurta(0.27)[11,0,499,240]"
1692068562217_jpg.rf.d8da3d86d4f863f5a553343c4a7fa6b5.jpg,"scomberoides_tol(0.49)[0,31,709,717]"
1692330985857_jpg.rf.44d09800af79d97d75067be4b9c2641a.jpg,"gazza_minuta(0.88)[13,225,578,421]|gazza_minuta(0.84)[415,329,761,513]|gazza_minuta(0.67)[305,62,568,231]|aurigequula_fasciata(0.45)[0,0,591,258]|aurigequula_fasciata(0.43)[563,0,1024,257]|gazza_minuta(0.34)[562,0,1024,257]|gazza_minuta(0.33)[452,528,854,688]|scomberoides_tol(0.30)[511,72,844,435]"
1692413225981_jpg.rf.4004a8846cf62dfffcbc66242b282b23.jpg,"lutjanus_johnii(0.89)[22,704,767,952]|lutjanus_johnii(0.63)[10,484,767,716]|lutjanus_johnii(0.48)[41,241,767,493]"
1692413842219_jpg.rf.1cd52a2e52667b341c2d1e9e1b6377d3.jpg,"lutjanus_johnii(0.63)[690,120,943,732]|lutjanus_johnii(0.39)[515,200,721,693]|pomadasys_kaakan(0.39)[516,201,722,693]"
1692414093710_jpg.rf.3233d7875d727070760ca1a5f5abeadd.jpg,"pomadasys_kaakan(0.49)[518,206,731,706]|lutjanus_johnii(0.47)[699,119,978,743]|pomadasys_kaakan(0.38)[697,122,979,741]|lutjanus_johnii(0.30)[315,252,585,719]|pomadasys_kaakan(0.27)[315,251,587,720]"
1692414486273_jpg.rf.5d107936ed92def25beeffa206a0f46d.jpg,"lutjanus_johnii(0.64)[164,355,597,489]|lutjanus_johnii(0.56)[167,475,616,618]|lutjanus_johnii(0.50)[137,809,534,956]|lutjanus_johnii(0.39)[247,46,657,159]|lutjanus_johnii(0.34)[218,142,642,261]|lutjanus_johnii(0.30)[144,714,548,846]"
1692581137223_jpg.rf.06a19844e75c56f32b9b9a16e86afdef.jpg,
1692581157271_jpg.rf.c9cc4b24474f8ff5c79a1f491249d408.jpg,
1692758040681_jpg.rf.a03e5b99a5f679a536bfc66593c79d76.jpg,"scomberoides_tol(0.96)[206,482,430,795]|scomberoides_tol(0.95)[173,37,431,427]|scomberoides_tol(0.92)[30,384,367,520]|scomberoides_tol(0.55)[69,468,347,736]|scomberoides_tol(0.42)[0,1,169,362]|scomberoides_tol(0.32)[255,485,429,765]"
1693045597639_jpg.rf.024e35258d5ce0ac616b994f62ca4ef6.jpg,"parupeneus_indicus(0.60)[140,0,353,658]|lutjanus_johnii(0.58)[324,0,561,660]|parupeneus_indicus(0.53)[554,7,783,657]|parupeneus_indicus(0.37)[324,0,562,660]"
1693045767461_jpg.rf.41459faeff5e6c0207c511cd68fba093.jpg,"acanthocybium_solandri(0.38)[343,444,1020,669]|chirocentrus_dorab(0.27)[348,328,1024,510]|acanthocybium_solandri(0.26)[362,4,1023,269]"
1693045954991_jpg.rf.84f270b4524846ec36d30879aab26c94.jpg,"chirocentrus_dorab(0.88)[149,89,768,274]|chirocentrus_dorab(0.83)[138,184,761,362]|chirocentrus_dorab(0.79)[32,288,759,472]|chirocentrus_dorab(0.55)[13,382,767,550]|acanthocybium_solandri(0.43)[4,385,766,550]|chirocentrus_dorab(0.34)[7,639,764,806]|chirocentrus_dorab(0.34)[0,770,743,1024]"
1693046054194_jpg.rf.e9dff08e1d542e9d909463346f232006.jpg,"gazza_minuta(0.91)[164,339,467,488]|gazza_minuta(0.75)[0,0,87,275]|gazza_minuta(0.42)[248,0,493,190]|gazza_minuta(0.40)[0,0,72,379]|gazza_minuta(0.35)[17,191,448,374]|lutjanus_johnii(0.27)[132,972,691,1023]"
1693046250037_jpg.rf.d2138e880ef4a1ca5f5a904d57fe3e69.jpg,"gazza_minuta(1.00)[320,939,570,1024]|gazza_minuta(0.98)[271,825,536,910]|gazza_minuta(0.93)[220,631,595,771]|gazza_minuta(0.91)[212,745,594,913]|gazza_minuta(0.86)[209,393,452,515]|gazza_minuta(0.84)[210,909,335,1024]|gazza_minuta(0.84)[318,893,612,1024]|gazza_minuta(0.69)[210,902,536,1024]|gazza_minuta(0.67)[293,823,678,909]|gazza_minuta(0.61)[207,394,355,514]|aurigequula_fasciata(0.41)[427,384,767,635]|gazza_minuta(0.39)[215,508,604,638]|gazza_minuta(0.29)[207,633,480,768]"
1693046392880_jpg.rf.f5f442b3d3a2b0e38d68dc68e185cdd2.jpg,
1693046578401_jpg.rf.ff48d42fc1173c7ae34c3743e5af0056.jpg,"chirocentrus_dorab(0.91)[435,58,572,768]|chirocentrus_dorab(0.90)[522,24,714,768]|chirocentrus_dorab(0.88)[10,9,335,755]|chirocentrus_dorab(0.85)[240,27,463,768]|chirocentrus_dorab(0.84)[626,74,822,768]"
1693362996059_jpg.rf.f5c5b3ead2b835dc51cab2e75fa2fb53.jpg,"acanthocybium_solandri(0.82)[106,57,382,815]|chirocentrus_dorab(0.50)[115,77,382,815]"
1693363143543_jpg.rf.54d32577bdbfa62ee5e22e15d7f9aba3.jpg,
1693363266446_jpg.rf.3f01590f9d9d71e13f9136f8e222091c.jpg,
1693363286236_jpg.rf.04c70b618dca9800fe34ccb35defec73.jpg,"chirocentrus_dorab(0.79)[475,127,887,273]|chirocentrus_dorab(0.79)[124,135,497,283]|chirocentrus_dorab(0.77)[264,32,704,159]|chirocentrus_dorab(0.45)[248,282,804,437]"
1693380316797_jpg.rf.df82112b379f1cb5041496c1ca977e66.jpg,"caranx_ignobilis(0.27)[328,295,715,478]"
1693444829209_jpg.rf.231e425bc94be2cd3e7ad8b419dcd19d.jpg,
1693444852155_jpg.rf.07f5852b61b084e727a061d8028d8c43.jpg,
1693444866750_jpg.rf.087f61fb6732cbc734b0b8b4ce186c99.jpg,"caranx_ignobilis(0.41)[31,148,864,462]"
1693444885638_jpg.rf.7fde404ea10c0e56c58f34e16c3c6c85.jpg,
1693450035269_jpg.rf.1818a9fab1c2592f9fdbe5e46b3cf77d.jpg,
1693450405580_jpg.rf.7265a31a1b9eece9b18d66959c53a280.jpg,"caranx_ignobilis(0.41)[42,107,916,366]"
1693450516450_jpg.rf.4b3dd706043ceb158e337d2c674156e7.jpg,"scomberomorus_commerson(0.39)[188,103,432,749]"
1693450624018_jpg.rf.f5c1c659f45e14dddbcee42efde3dc39.jpg,
1693535715149_jpg.rf.e86c2b5c1b505502993a0f58d49f6061.jpg,"scomberomorus_commerson(0.52)[213,52,498,859]"
1693546581340_jpg.rf.98f81257f3a9ac4d7f25bd0a2e53a98e.jpg,"acanthocybium_solandri(0.31)[34,277,382,916]"
1693546643536_jpg.rf.238361e03fb6ee6c365e5f4f38bcef1b.jpg,
1693546778635_jpg.rf.96d667ed6d46fd04eb58d460eeec81aa.jpg,"rastrelliger_kanagurta(0.45)[463,106,838,327]|aurigequula_fasciata(0.43)[799,150,975,523]|gazza_minuta(0.40)[798,150,977,525]"
1693549640994_jpg.rf.154c7d3c21ab6b3244c6cc49cd2c52b7.jpg,"aurigequula_fasciata(0.61)[85,123,902,446]"
1693623926007_jpg.rf.26e5c9e75b632982b41c8223843da4c0.jpg,"upeneus_vittatus(0.80)[101,180,746,297]|acanthocybium_solandri(0.34)[130,370,745,511]"
1693652276403_jpg.rf.3f9cf6988adb6f85450a7315768f82fe.jpg,"chirocentrus_dorab(0.97)[205,0,397,747]|chirocentrus_dorab(0.96)[87,0,263,705]|chirocentrus_dorab(0.95)[324,0,507,768]|chirocentrus_dorab(0.92)[602,0,866,766]|chirocentrus_dorab(0.88)[443,8,637,766]|chirocentrus_dorab(0.69)[739,0,1021,766]"
1693910106073_jpg.rf.33d3860af916c9c19653539d306342af.jpg,
1694346646225_jpg.rf.a36073b265e9598f42c8cb24c7576486.jpg,"chirocentrus_dorab(0.91)[186,10,493,1023]"
1694483777242_jpg.rf.245280cd37864f6e3705bc4670f33da9.jpg,
1694518497934_jpg.rf.53bdecb8a7c9ab6c09e4e738388325ec.jpg,
1694525455257_jpg.rf.d4981afb0864d7b3ecb57ad4a1f7769d.jpg,"aurigequula_fasciata(0.59)[471,617,828,715]|gazza_minuta(0.25)[126,44,537,147]"
1694865793188_jpg.rf.8f6ee898e7e9368dc4ff42afcf5ef243.jpg,"parupeneus_indicus(0.49)[204,86,536,1000]"
1694867305294_jpg.rf.5f6b28642302ea4f544ff92961793d6d.jpg,"chirocentrus_dorab(0.26)[22,890,1147,1131]"
1694867312901_jpg.rf.1f0e6bdf4207cd980c598e243b142eff.jpg,"chirocentrus_dorab(0.35)[8,445,576,565]"
1695258652931_jpg.rf.038a58d7f7e1f72ef13d997e2c0d5cb9.jpg,"caranx_ignobilis(0.65)[111,14,419,853]"
1695258772293_jpg.rf.c7d42b0b1e30564fcb54fa95cd9206cc.jpg,"chirocentrus_dorab(0.41)[165,306,356,869]|rastrelliger_kanagurta(0.37)[165,304,360,874]|rastrelliger_kanagurta(0.32)[324,777,468,981]|acanthocybium_solandri(0.28)[163,304,354,871]"
1695263010071_jpg.rf.eefc3f39a05cf08a3dfb8ee63a014884.jpg,"scomberomorus_commerson(0.35)[52,192,830,420]"
1695267680911_jpg.rf.2be8193345ecc74d03bec7852b53e360.jpg,"aurigequula_fasciata(0.40)[486,443,572,674]|aurigequula_fasciata(0.35)[348,242,454,520]|aurigequula_fasciata(0.31)[512,246,595,483]|aurigequula_fasciata(0.31)[104,329,174,522]|aurigequula_fasciata(0.30)[413,482,498,683]|aurigequula_fasciata(0.29)[359,485,434,673]|caranx_ignobilis(0.29)[555,458,644,667]|rastrelliger_kanagurta(0.28)[580,219,669,468]|aurigequula_fasciata(0.26)[168,295,247,573]"
1695388917511_jpg.rf.0b73d56f07070aa90b0e4a11d0e41b4c.jpg,"chirocentrus_dorab(0.83)[144,77,412,977]"
1695389182703_jpg.rf.c4ceb7cc4477ee48e63385110c88e88c.jpg,"chirocentrus_dorab(0.73)[188,200,347,800]|chirocentrus_dorab(0.65)[323,184,452,725]|scomberoides_tol(0.59)[325,181,451,727]"
1695389712651_jpg.rf.5189a09594af6a5051ad18070be54e4b.jpg,"caranx_ignobilis(0.29)[216,610,323,848]"
1695390143732_jpg.rf.121a630994df5f0e9c812aba7a08db73.jpg,
1695511150791_jpg.rf.3e6ca91e1f8d54284a200ca9cf9f7544.jpg,"scomberoides_tol(0.87)[376,255,659,382]|scomberoides_tol(0.81)[322,19,697,211]|scomberoides_tol(0.57)[387,465,616,536]|lutjanus_johnii(0.55)[323,12,698,212]|scomberoides_tol(0.47)[376,526,640,614]|scomberoides_tol(0.39)[368,378,634,469]|scomberoides_tol(0.37)[364,187,673,298]"
1695511964208_jpg.rf.a08e50c86bcbfc623249295aa7f5f6b4.jpg,
1695515249310_jpg.rf.cac5c24cab7704f87dd874e46472b4b8.jpg,"caranx_ignobilis(0.78)[244,342,443,768]|caranx_ignobilis(0.73)[108,449,281,966]"
1695515493186_jpg.rf.cfe0105ff092eea57cf7c713fa9c54cc.jpg,
1695521758525_jpg.rf.3477a55101014828d46e6253fb8c77d8.jpg,"scomberoides_tol(0.98)[374,388,643,476]|scomberoides_tol(0.90)[347,176,688,314]|scomberoides_tol(0.76)[380,307,658,398]|scomberoides_tol(0.74)[352,470,613,565]|scomberoides_tol(0.59)[368,550,639,630]"
1695691830697_jpg.rf.89f57912e0e1abba60c8267fae91f9d5.jpg,"lutjanus_johnii(0.58)[255,452,731,694]|pomadasys_kaakan(0.39)[285,378,835,580]"
1695713427558_jpg.rf.b76a90861b385ee99e5b0bd988783a3e.jpg,"pomadasys_kaakan(0.65)[354,0,682,239]|lutjanus_johnii(0.53)[254,328,862,565]"
1695734103683_jpg.rf.dad5a8b8d6e3dedbc801f32eb92e7f1e.jpg,"pomadasys_kaakan(0.28)[129,0,450,997]"
1695734455651_jpg.rf.cd04a8505fad418123d1bcb729e3cda4.jpg,"lutjanus_russellii(0.58)[340,225,820,415]|gazza_minuta(0.37)[275,398,814,557]"
1695734906095_jpg.rf.6bcb67e39a3472f7c05262aa8d32bff3.jpg,"chirocentrus_dorab(0.66)[46,268,891,415]|chirocentrus_dorab(0.43)[7,350,913,519]|chirocentrus_dorab(0.43)[0,428,945,624]"
1695735175273_jpg.rf.80264b51524014b94d8a7074b04f6e6f.jpg,"chirocentrus_dorab(0.79)[4,238,1022,460]"
1695735361459_jpg.rf.43cb8d69e5b4011d8aa03ecc6c7f49de.jpg,
1695735670368_jpg.rf.223573fe5487ef92e6189bf8980086ca.jpg,"chirocentrus_dorab(0.72)[93,341,1023,495]|chirocentrus_dorab(0.71)[536,551,1022,665]|chirocentrus_dorab(0.54)[0,529,399,767]|chirocentrus_dorab(0.44)[561,626,1023,767]|chirocentrus_dorab(0.32)[430,494,1023,582]"
1696333279652_jpg.rf.3cba5bbcb3705dd95f840b9bb0a02f61.jpg,
1696335870241_jpg.rf.394e1aa6ec3c67fa6b8a8fc9560f7b97.jpg,"pomadasys_kaakan(0.50)[296,105,585,895]"
1696496895174_jpg.rf.519cf0c1e7387a0efba6e87444efd1fe.jpg,
1696900347498_jpg.rf.1cf70d1814eae5ed60b69e51e28225ff.jpg,
1696945542849_jpg.rf.7d9f94ab30e6405de7253d8ee57addcc.jpg,
1696946750249_jpg.rf.936cdac1c7a79703716c665628b1bfdd.jpg,"lutjanus_johnii(0.27)[122,440,1023,765]"
1697005652932_jpg.rf.e6726e23510d916c122f4ada6a951a2c.jpg,
1697012766699_jpg.rf.72363e2748f9c0ed9c2560ade862840a.jpg,
1697114382541_jpg.rf.dae864cafec388873144efa8d653262c.jpg,"pomadasys_kaakan(0.74)[305,411,587,1024]|pomadasys_kaakan(0.66)[37,370,364,1024]"
1697114451439_jpg.rf.258f15fd9fe37c378bac07fd8cb821cc.jpg,"lutjanus_johnii(0.94)[443,550,927,719]|lutjanus_johnii(0.83)[423,420,900,570]|lutjanus_johnii(0.58)[390,143,838,303]|lutjanus_johnii(0.34)[386,292,912,433]"
1697114533401_jpg.rf.0457d4e9a0cd12ecdd2be2a3e905e5dc.jpg,"lutjanus_johnii(0.43)[208,298,521,1024]"
1697115180424_jpg.rf.8af32603113a9534b2329948854f05bb.jpg,"scomberoides_tol(0.93)[960,1527,1319,2047]|chirocentrus_dorab(0.69)[1099,1143,1240,1622]|scomberoides_tol(0.52)[1084,323,1264,635]|chirocentrus_dorab(0.46)[524,1077,671,1454]|chirocentrus_dorab(0.45)[944,788,1131,1543]|scomberoides_tol(0.45)[1339,284,1513,682]|scomberoides_tol(0.42)[1309,1517,1515,2048]|scomberoides_tol(0.38)[220,1135,390,1811]|scomberoides_tol(0.38)[1202,326,1352,727]|scomberoides_tol(0.35)[523,1076,669,1456]|scomberoides_tol(0.32)[939,1463,1138,2026]|scomberoides_tol(0.30)[490,1386,684,1898]|scomberoides_tol(0.28)[1232,1624,1533,2048]"
1697115186816_jpg.rf.2dbb25eb48983c5a3f2766c73df98c0d.jpg,"scomberoides_tol(0.92)[479,762,659,1023]|chirocentrus_dorab(0.65)[549,571,620,811]|scomberoides_tol(0.50)[601,160,687,364]|chirocentrus_dorab(0.48)[470,396,566,772]|scomberoides_tol(0.44)[541,161,633,316]|scomberoides_tol(0.37)[656,741,761,1024]|scomberoides_tol(0.34)[670,141,757,338]|chirocentrus_dorab(0.28)[558,362,657,678]|scomberoides_tol(0.27)[623,768,766,1023]|chirocentrus_dorab(0.25)[262,539,336,726]"
1697115495415_jpg.rf.2b006ab3684a7ee09986749c341ecab0.jpg,"chirocentrus_dorab(0.34)[611,293,688,557]"
1697115710031_jpg.rf.a0caae70c2d88e5739955ae48d373b27.jpg,"scomberoides_tol(0.66)[174,52,341,322]|scomberoides_tol(0.58)[70,37,238,308]|chirocentrus_dorab(0.55)[558,326,666,802]|chirocentrus_dorab(0.53)[240,398,354,696]|scomberoides_tol(0.41)[551,348,666,800]|scomberoides_tol(0.37)[46,652,143,940]|chirocentrus_dorab(0.35)[347,423,453,720]|chirocentrus_dorab(0.35)[647,321,764,779]|chirocentrus_dorab(0.31)[151,392,251,692]|scomberoides_tol(0.31)[624,187,730,457]"
1697167269521_jpg.rf.26ff91a4c70ca7dd61ddce4fdeb6a38a.jpg,
1697192142521_jpg.rf.632b7c610ca8fd29aa34822b7469016a.jpg,"gazza_minuta(0.91)[135,431,258,696]|aurigequula_fasciata(0.73)[0,364,140,623]|aurigequula_fasciata(0.62)[0,493,104,1008]|scomberoides_tol(0.48)[308,275,490,685]|scomberoides_tol(0.38)[270,614,386,1024]|scomberoides_tol(0.37)[421,191,571,616]"
1697269118542_jpg.rf.95ea6c8bb662b68a2a8ab9a55f1f901a.jpg,"caranx_ignobilis(0.68)[181,178,469,918]|caranx_ignobilis(0.37)[171,4,280,217]"
1697269146308_jpg.rf.399940ff884e84d882f545b8a5951e12.jpg,"acanthocybium_solandri(0.56)[320,146,521,967]|caranx_ignobilis(0.49)[359,21,567,391]|caranx_ignobilis(0.49)[143,137,441,1004]|caranx_ignobilis(0.47)[319,136,521,979]|chirocentrus_dorab(0.26)[141,135,441,1022]"
1697269169209_jpg.rf.3f8edd02eab19cf7b4f78072b5b2ce56.jpg,"caranx_ignobilis(0.87)[364,145,540,654]|caranx_ignobilis(0.56)[115,244,559,1024]|caranx_ignobilis(0.53)[103,2,517,873]|caranx_ignobilis(0.39)[183,392,566,1024]"
1697271152607_jpg.rf.9b0f67f14e74d280f4e82b5a6d3d5f35.jpg,"aurigequula_fasciata(0.89)[143,268,551,767]|aurigequula_fasciata(0.79)[309,223,748,642]|scomberoides_tol(0.68)[0,0,98,254]|aurigequula_fasciata(0.33)[489,100,809,444]"
1697271253513_jpg.rf.b4350bc08592be1cc6574de4ffcfd40a.jpg,"aurigequula_fasciata(0.98)[109,3,451,722]|aurigequula_fasciata(0.90)[376,68,896,633]|aurigequula_fasciata(0.77)[690,112,859,437]|aurigequula_fasciata(0.55)[823,175,1000,633]"
1697271878006_jpg.rf.fdefd484ed276f309ece5f67f23a97be.jpg,"pomadasys_kaakan(0.72)[305,18,506,436]|lutjanus_johnii(0.49)[99,497,780,648]"
1697272114334_jpg.rf.6dd1c2e92a193f843dcd05fcc81d4592.jpg,"pomadasys_kaakan(0.91)[50,0,769,242]|pomadasys_kaakan(0.63)[1,140,1007,554]"
1697272745846_jpg.rf.301f395b5019e4320cfa063c0936ec5c.jpg,"aurigequula_fasciata(0.39)[432,75,843,970]|aurigequula_fasciata(0.28)[95,94,505,912]"
1697272759438_jpg.rf.0786dc56905f6cc16aa8f5256e06be8c.jpg,
1697273193293_jpg.rf.79d6cc23f26ee5a6788076cb5f9cb1b9.jpg,
1697505523144_jpg.rf.c0cb661a0eb3ca78ab25a274c8d609cd.jpg,
1697506247065_jpg.rf.01a8ebe2f9a590d13f74544a5d8ca7b1.jpg,"scomberomorus_commerson(0.36)[369,285,570,734]|scomberomorus_commerson(0.33)[208,201,417,849]|scomberomorus_commerson(0.29)[392,532,617,1024]"
1697506294036_jpg.rf.db1d5e4e177d25999eb83f81f6a86a34.jpg,"lutjanus_johnii(0.79)[545,404,819,541]|lutjanus_johnii(0.78)[320,401,600,513]|lutjanus_johnii(0.71)[807,328,1023,620]|lutjanus_johnii(0.64)[483,141,804,331]|lutjanus_johnii(0.61)[50,449,592,652]|lutjanus_johnii(0.53)[110,96,410,215]|lutjanus_johnii(0.51)[632,100,896,169]|lutjanus_johnii(0.42)[413,252,658,439]|lutjanus_johnii(0.37)[94,217,447,317]|lutjanus_johnii(0.32)[264,623,601,745]|lutjanus_johnii(0.28)[498,525,775,681]"
1697506355974_jpg.rf.9b873fafcc5fd098967f88b24b5dabf6.jpg,"lutjanus_johnii(0.39)[19,139,292,794]"
1697506406466_jpg.rf.e73bbe556c5e325ef2dbee0bad6b938a.jpg,"scomberomorus_commerson(0.37)[28,266,284,1001]|scomberomorus_commerson(0.29)[271,259,492,1015]"
1697506536349_jpg.rf.4f223d7947a90b54edf77af9d95001b9.jpg,
1697506620470_jpg.rf.7876ec38cbdb28840e4654ccbe4e40e1.jpg,"gazza_minuta(0.25)[189,472,388,923]"
1697506693057_jpg.rf.46186c3d03ae3aed8a3940ae221b04d9.jpg,"gazza_minuta(0.46)[0,540,319,663]"
1697698487485_jpg.rf.85d378a017f80b940469146db943c6b7.jpg,
1697699933364_jpg.rf.c43205e11e5ada62980f4f554b265234.jpg,
1697864502865_jpg.rf.c9b29096a667f4747a89e35738cec91d.jpg,"lutjanus_johnii(0.69)[258,159,496,247]|lutjanus_johnii(0.58)[251,169,772,272]|lutjanus_johnii(0.30)[470,169,772,268]"
1697864667586_jpg.rf.df4d098986312aa0efa8ec730ee82d03.jpg,"lutjanus_johnii(0.99)[406,51,785,190]|lutjanus_johnii(0.98)[431,260,800,385]|lutjanus_johnii(0.94)[427,157,788,281]|lutjanus_johnii(0.90)[416,374,754,485]|lutjanus_johnii(0.90)[392,472,726,569]|lutjanus_johnii(0.80)[252,567,734,676]|lutjanus_johnii(0.74)[319,52,546,145]|lutjanus_johnii(0.72)[179,304,555,413]|lutjanus_johnii(0.66)[328,0,769,75]|lutjanus_johnii(0.53)[218,413,522,513]"
1697864792743_jpg.rf.7bb2cc26d6c0d540d27d177d5e359248.jpg,
1697864893088_jpg.rf.2c1613065c4d893cfdd22d9b48100963.jpg,"parupeneus_indicus(0.34)[463,308,720,978]|parupeneus_indicus(0.33)[264,314,400,783]"
1697865090545_jpg.rf.c8bb078b99e2a92afcdaf81c728161f1.jpg,"pomadasys_kaakan(0.35)[315,367,455,818]|pomadasys_kaakan(0.33)[219,389,328,750]|pomadasys_kaakan(0.27)[103,387,222,755]"
1698056471266_jpg.rf.6a01d272ecdf391ffc417e24cea35a72.jpg,"pomadasys_kaakan(0.94)[233,366,372,886]|pomadasys_kaakan(0.73)[385,186,527,709]|pomadasys_kaakan(0.71)[81,406,211,784]|pomadasys_kaakan(0.62)[136,360,286,787]|pomadasys_kaakan(0.33)[309,290,451,919]"
1698062202674_jpg.rf.46c3f2e5136c0c6a2625552e923c665b.jpg,"pomadasys_kaakan(0.51)[199,20,510,1024]"
1698064010523_jpg.rf.ac610249e3d3487a882f1f9915f35804.jpg,"pomadasys_kaakan(0.72)[262,13,570,1024]|chirocentrus_dorab(0.61)[593,0,767,1005]|chirocentrus_dorab(0.47)[647,0,767,1019]"
1698141339810_jpg.rf.7473682a616ae676dfb315419117646f.jpg,"pomadasys_kaakan(0.54)[826,349,938,746]|pomadasys_kaakan(0.25)[922,342,1024,699]"
1698143082765_jpg.rf.836b94aff72bfb84c0becc887dfcb773.jpg,
1698143235892_jpg.rf.e690addc0f4a5510becf53bca3cb54e1.jpg,"chirocentrus_dorab(0.32)[210,339,537,784]"
1698274064708_jpg.rf.eb74718ee7bb198f6c69f698a715a692.jpg,"lutjanus_johnii(0.80)[120,560,618,744]|lutjanus_johnii(0.55)[85,402,672,644]"
1698286550777_jpg.rf.4a7439a9aba26fbe0543e0a7a6d237c6.jpg,"caranx_ignobilis(0.35)[90,45,469,873]"
1698317977154_jpg.rf.f9c9df7d681d3faafb1a856d00192e8f.jpg,"parupeneus_indicus(0.88)[145,41,439,1018]"
1698318008840_jpg.rf.37408827b4075920a38bf4ef5aa94562.jpg,
1698318241974_jpg.rf.ddcfe4b9924bb6a50a8c698356199ed9.jpg,
1698318445111_jpg.rf.0232e9340a3e2bf3b002ef69e707653d.jpg,"chirocentrus_dorab(0.43)[407,127,567,571]"
1698318472782_jpg.rf.f37d7f16e51856a621a159adb89a9e5c.jpg,"upeneus_vittatus(0.42)[326,112,483,569]|upeneus_vittatus(0.26)[431,123,585,575]"
1698318508599_jpg.rf.eddf8a4f7dc358d3da19d80995a4f3d9.jpg,
1698318542443_jpg.rf.b0f5a7a9c6a08856c404b0ecd57f084c.jpg,"upeneus_vittatus(0.52)[258,103,688,353]"
1698318697920_jpg.rf.d0404746d87405ed25f0a1357c172d6b.jpg,"upeneus_vittatus(0.52)[84,419,573,733]"
1698318725562_jpg.rf.84a7a5f2a3949e31145d498e7ec51847.jpg,
1698318753454_jpg.rf.34cb73e5d13f4d68a089f32a1cb50ccc.jpg,
1698324089147_jpg.rf.f2057b07b400d145a2a86a6360d52036.jpg,"pomadasys_kaakan(0.54)[120,86,292,581]|pomadasys_kaakan(0.33)[264,108,429,602]"
1698324685559_jpg.rf.2d1471e73e94106d3f6a5d3375b0f876.jpg,
1698409882802_jpg.rf.88e148cf092173436ac19933985ad7bc.jpg,
1698409920330_jpg.rf.f4cf7b9985bc23dde25554a8d2cb59b2.jpg,
1698410051361_jpg.rf.1f6044f11639f46c0ddf69ce0fd643e2.jpg,"parupeneus_indicus(0.76)[98,122,449,1024]"
1698410084921_jpg.rf.1c541ec64e9e083ef86b0aaca62327ba.jpg,"pomadasys_kaakan(0.45)[183,393,437,1024]"
1698410212946_jpg.rf.0dee39f221b614e5919095b906ee93c6.jpg,"rastrelliger_kanagurta(0.65)[309,402,538,1024]|upeneus_vittatus(0.42)[90,195,237,516]|upeneus_vittatus(0.34)[139,563,321,1022]"
1698410256777_jpg.rf.ca5be52db08ddfebb35d017e6d5ec1cd.jpg,
1698527855359_jpg.rf.ecc73bab6ccc0c68bab9b0926e11df9f.jpg,"lutjanus_johnii(0.83)[227,90,496,723]|lutjanus_johnii(0.82)[91,125,312,706]|lutjanus_johnii(0.72)[447,0,676,623]|lutjanus_johnii(0.49)[604,0,945,631]|parupeneus_indicus(0.30)[92,125,313,706]"
1698528173571_jpg.rf.6cd16def6035f359f4b701bcd0382741.jpg,
1698528209061_jpg.rf.7cba76761dfaee45ac8f09f496d0812a.jpg,"lutjanus_johnii(0.54)[38,0,258,532]|lutjanus_johnii(0.40)[475,0,734,592]|lutjanus_johnii(0.39)[214,3,378,566]"
1698528308697_jpg.rf.f85654dd60f701c937271dd71cf705b6.jpg,"pomadasys_kaakan(0.46)[0,0,220,465]|scomberoides_tol(0.36)[386,710,1024,767]|scomberoides_tol(0.26)[892,570,1023,735]"
1698528616835_jpg.rf.0511ecc7f47a52b1ebcc820a9ff5e5b6.jpg,"chirocentrus_dorab(0.26)[0,220,103,1024]"
1698528638801_jpg.rf.9099afc0e3f75f1b153a0d39fb7df1f8.jpg,"parupeneus_indicus(0.51)[813,0,1024,613]|lutjanus_johnii(0.47)[7,73,263,686]|parupeneus_indicus(0.27)[549,0,841,620]"
1698546478939_jpg.rf.b798e1fb2eff258780144812a517ae68.jpg,
1698546986877_jpg.rf.20ec3ffcae48e25ee7decb52db1413c5.jpg,"scomberoides_tol(0.69)[557,316,868,559]|caranx_ignobilis(0.41)[49,138,830,628]"
1698547361115_jpg.rf.233039c718913a21ba06020344e37d41.jpg,"chirocentrus_dorab(0.90)[483,1,758,837]|chirocentrus_dorab(0.73)[228,0,521,1019]|chirocentrus_dorab(0.72)[559,0,768,771]|scomberoides_tol(0.31)[215,0,514,1014]"
1698547581641_jpg.rf.59540a85cc4c20f2eed87948fb6dcfe0.jpg,"pomadasys_kaakan(0.95)[270,456,553,1024]|pomadasys_kaakan(0.81)[405,310,590,854]|scomberoides_tol(0.65)[90,84,423,507]|rastrelliger_kanagurta(0.50)[483,546,768,982]|scomberoides_tol(0.32)[394,106,653,578]"
1698547818209_jpg.rf.b7c4efb5ace3a4ec83487599868d0e44.jpg,"aurigequula_fasciata(0.99)[158,83,581,570]|aurigequula_fasciata(0.98)[291,254,665,600]|aurigequula_fasciata(0.95)[616,198,829,675]"
1698547995586_jpg.rf.4442c959622ddf65fe7cd8f67e9ad962.jpg,"pomadasys_kaakan(0.70)[385,0,768,698]|caranx_ignobilis(0.52)[341,108,481,693]|caranx_ignobilis(0.47)[165,21,360,494]|pomadasys_kaakan(0.35)[679,0,768,515]|caranx_ignobilis(0.34)[249,777,416,1000]|pomadasys_kaakan(0.30)[647,0,768,359]"
1698548194367_jpg.rf.279217409ff6f707c7471d2ae90924d1.jpg,"lutjanus_johnii(0.41)[211,123,524,1016]"
1698548955693_jpg.rf.992cf84c886ff75943ce7f44542aa2c6.jpg,"pomadasys_kaakan(0.90)[404,275,657,989]|pomadasys_kaakan(0.89)[602,109,767,724]|pomadasys_kaakan(0.63)[48,232,327,694]|pomadasys_kaakan(0.40)[267,0,478,451]|pomadasys_kaakan(0.30)[2,429,463,892]"
1698549061480_jpg.rf.3a0edec0a340894c1501e2232c11c137.jpg,"caranx_ignobilis(0.36)[37,170,513,1024]|pomadasys_kaakan(0.36)[32,74,188,565]"
1698660942801_jpg.rf.d8ad0c4f0182fea1a2c4883f18cd814b.jpg,"scomberoides_tol(0.97)[180,374,317,795]|scomberoides_tol(0.93)[100,543,229,828]|scomberoides_tol(0.60)[202,299,585,420]|scomberoides_tol(0.58)[304,414,479,696]|scomberoides_tol(0.48)[97,305,213,550]|scomberoides_tol(0.35)[211,215,579,380]"
1698661235894_jpg.rf.1c01263205d85c2dcab129e48501d342.jpg,"lutjanus_johnii(0.92)[518,260,939,557]|lutjanus_johnii(0.82)[252,549,691,716]|lutjanus_johnii(0.79)[549,488,872,646]|lutjanus_johnii(0.66)[299,249,618,406]|lutjanus_johnii(0.66)[174,216,352,643]|lutjanus_johnii(0.38)[273,365,586,583]"
1698661390954_jpg.rf.2eadf6537b573a663a2b9482ae90ecaa.jpg,"parupeneus_indicus(0.43)[105,250,286,779]|scomberoides_tol(0.32)[242,360,436,767]|gazza_minuta(0.28)[120,737,574,858]"
1698661541066_jpg.rf.42c898aa2e247523dd234838cbc15995.jpg,"scomberoides_tol(0.56)[230,104,700,1024]"
1698661562885_jpg.rf.169220f60694a8dfc9440dfc5b69cf20.jpg,
1698662104886_jpg.rf.808833a3dba7a63114c14a8cfbe9b714.jpg,"scomberoides_tol(0.87)[358,173,462,544]"
1698662651172_jpg.rf.428e088e7f23d750486c72377254e824.jpg,"lutjanus_johnii(0.53)[376,362,649,497]"
1698662758223_jpg.rf.57847073978e657539ee7a14ab4c6c9a.jpg,
1698662908475_jpg.rf.8b750816cc836a03cf908aaa2b090a4e.jpg,"lutjanus_johnii(0.79)[218,175,953,459]|lutjanus_johnii(0.69)[275,460,823,624]|lutjanus_johnii(0.32)[274,508,824,641]"
1698740072533_jpg.rf.238377be49254e4a7af30e4f2424948c.jpg,
1698740471563_jpg.rf.dd1b90b22edf71b4bf7f482765b9d4b7.jpg,"lutjanus_johnii(0.64)[398,745,768,1023]|lutjanus_johnii(0.30)[0,624,383,803]|lutjanus_johnii(0.29)[35,791,556,1022]|gazza_minuta(0.29)[37,790,554,1022]|lutjanus_johnii(0.27)[53,376,619,619]|lutjanus_johnii(0.25)[71,296,476,442]"
1698740970816_jpg.rf.9ab9e3ba61bebef1bbc2bdfb5b7b1f03.jpg,"scomberoides_tol(0.46)[266,0,520,423]|scomberoides_tol(0.38)[455,166,605,494]"
1698741342007_jpg.rf.b92c6bd21ebbedfc5f89f9a5275401ee.jpg,
1698884042665_jpg.rf.bfc02d50a04ee0d89646b20b30dd6b21.jpg,"scomberoides_tol(0.38)[241,0,565,1024]|chirocentrus_dorab(0.37)[242,6,563,1023]"
1698926218599_jpg.rf.211bb8086ff02cf10a636ffd67565ea6.jpg,"pomadasys_kaakan(0.47)[484,222,616,638]|pomadasys_kaakan(0.28)[599,196,736,622]"
1698926724684_jpg.rf.5d8a21e1713064d612453d6d0a920184.jpg,"pomadasys_kaakan(0.46)[674,252,793,605]|pomadasys_kaakan(0.29)[438,244,584,691]"
1698927145975_jpg.rf.c4de3325c6b467737a24b96bd11b1de4.jpg,
1698927262789_jpg.rf.57a94abcf0a88bd0707ae6f437639a55.jpg,"parupeneus_indicus(0.35)[361,245,513,738]|parupeneus_indicus(0.33)[649,266,879,701]|parupeneus_indicus(0.32)[512,272,656,726]|scomberomorus_commerson(0.27)[648,268,877,699]"
1698927784464_jpg.rf.e961b1ff758a57ac38af2e1d3337535d.jpg,"pomadasys_kaakan(0.75)[596,211,770,722]|pomadasys_kaakan(0.71)[458,231,612,738]|upeneus_vittatus(0.58)[0,1,160,292]|pomadasys_kaakan(0.39)[761,264,905,671]"
1698928222909_jpg.rf.1450bef90fc1209a4081e3161d45ee4a.jpg,
1698928321548_jpg.rf.d5f59f057ab531b43cf2955099b417ae.jpg,
1698928724030_jpg.rf.650b4b34c9015f56f9103585602a6416.jpg,"lutjanus_johnii(0.65)[194,396,738,683]|lutjanus_johnii(0.63)[304,1,788,189]|lutjanus_johnii(0.62)[516,0,922,173]|lutjanus_johnii(0.37)[571,389,1024,582]|gazza_minuta(0.29)[320,167,600,249]"
1699164458540_jpg.rf.14f9f2eae5ad9fd28e0339f147183dd4.jpg,
1699167222100_jpg.rf.02e625e53e0315c7eb8b8a955aa9ff49.jpg,
1699167338210_jpg.rf.eabb6e3cb7903dfc27ce6d0ef49dbc95.jpg,
1699355005032_jpg.rf.907a8d836a13133b8d96dc2df6a73ad9.jpg,"scomberoides_tol(0.76)[153,343,426,874]|scomberoides_tol(0.53)[362,57,650,830]|scomberoides_tol(0.51)[175,223,417,650]"
1699355371850_jpg.rf.9e8553c1365c888e2c6af192920aeaba.jpg,"caranx_ignobilis(0.34)[204,184,1019,548]|pomadasys_kaakan(0.28)[67,105,600,416]"
1699356149974_jpg.rf.4950b80f7cf73982e1199dc0e79cf22e.jpg,"scomberoides_tol(0.91)[315,627,510,722]|scomberoides_tol(0.81)[314,495,460,646]|scomberoides_tol(0.61)[118,0,252,86]|scomberoides_tol(0.50)[63,150,277,309]|scomberoides_tol(0.43)[569,472,651,780]|scomberoides_tol(0.40)[302,802,505,892]|scomberoides_tol(0.34)[474,567,646,782]|scomberoides_tol(0.31)[36,2,170,159]|scomberoides_tol(0.26)[441,263,560,426]"
1699356276708_jpg.rf.f462cb39ec04ec739b553509590f6169.jpg,"scomberoides_tol(0.68)[86,47,236,200]|scomberoides_tol(0.60)[0,829,398,1024]|scomberoides_tol(0.30)[178,305,348,405]"
1699356483694_jpg.rf.152aee6201a7d4d53643e5880b77407e.jpg,
